{"global_step": 20800, "_timestamp": 1702168877.3875933, "rollout/ep_rew_mean": -450.0, "time/fps": 11.0, "rollout/ep_len_mean": 14.779999732971191, "_runtime": 1781.0272252559662, "_step": 51, "train/entropy_loss": -5.35745906829834, "train/clip_range": 0.20000000298023224, "train/policy_gradient_loss": -0.0003180927305947989, "train/loss": 220498.015625, "train/learning_rate": 9.999999747378752e-05, "train/explained_variance": 2.086162567138672e-06, "train/approx_kl": 3.1795610766494065e-07, "train/clip_fraction": 0.0, "train/value_loss": 438912.5625, "_wandb": {"runtime": 1810}}