{"global_step": 2088800, "_timestamp": 1703264835.5393283, "rollout/ep_rew_mean": -390.0, "time/fps": 62.0, "rollout/ep_len_mean": 14.729999542236328, "_runtime": 33483.70361042023, "_step": 5221, "train/entropy_loss": -5.2564826011657715, "train/value_loss": 254360.875, "train/policy_gradient_loss": -3.978885797550902e-05, "train/loss": 142290.328125, "train/learning_rate": 9.999999747378752e-05, "train/clip_range": 0.20000000298023224, "train/explained_variance": -0.011222362518310547, "train/clip_fraction": 0.0, "train/approx_kl": 1.6401624947093296e-08}