{"global_step": 749600, "_timestamp": 1705357332.7095394, "rollout/ep_rew_mean": -3.2880001068115234, "time/fps": 511.0, "rollout/ep_len_mean": 9.989999771118164, "_runtime": 1484.1064713001251, "_step": 936, "train/learning_rate": 9.999999747378752e-05, "train/value_loss": 20.114608764648438, "train/loss": 9.254899024963379, "train/approx_kl": 0.0031453007832169533, "train/policy_gradient_loss": -0.007330083753913641, "train/explained_variance": 0.7655507326126099, "train/entropy_loss": -1.4269963502883911, "train/clip_range": 0.20000000298023224, "train/clip_fraction": 0.00937500037252903}