{"global_step": 50000, "_timestamp": 1702081071.8516438, "rollout/ep_rew_mean": 597.0800170898438, "time/fps": 13.0, "rollout/ep_len_mean": 14.930000305175781, "_runtime": 3819.366823911667, "_step": 124, "train/approx_kl": 2.3662060755214043e-07, "train/entropy_loss": -5.1712164878845215, "train/value_loss": 277426.28125, "train/policy_gradient_loss": -0.00027367527945898473, "train/clip_range": 0.20000000298023224, "train/explained_variance": 1.1920928955078125e-07, "train/loss": 126604.8046875, "train/clip_fraction": 0.0, "train/learning_rate": 9.999999747378752e-05, "_wandb": {"runtime": 3876}}