{"global_step": 50000, "_timestamp": 1703197456.717128, "rollout/ep_rew_mean": -580.0, "time/fps": 56.0, "rollout/ep_len_mean": 14.65999984741211, "_runtime": 896.4445290565491, "_step": 124, "train/entropy_loss": -5.324256420135498, "train/value_loss": 379234.0625, "train/policy_gradient_loss": -0.00028638026560656726, "train/loss": 208022.78125, "train/learning_rate": 9.999999747378752e-05, "train/clip_range": 0.20000000298023224, "train/explained_variance": 7.748603820800781e-07, "train/clip_fraction": 0.0, "train/approx_kl": 2.9216363373052445e-07, "_wandb": {"runtime": 927}}