{"global_step": 716800, "_timestamp": 1704750938.908141, "time/fps": 229.0, "rollout/ep_len_mean": 10.760000228881836, "rollout/ep_rew_mean": -1.9800000190734863, "_runtime": 3150.2961587905884, "_step": 895, "train/loss": 0.4421134293079376, "train/value_loss": 0.7266857624053955, "train/policy_gradient_loss": -0.002495080465450883, "train/approx_kl": 0.000990808242931962, "train/learning_rate": 9.999999747378752e-05, "train/explained_variance": 0.9047614336013794, "train/entropy_loss": -0.3035815954208374, "train/clip_range": 0.20000000298023224, "train/clip_fraction": 0.0049804686568677425, "_wandb": {"runtime": 3151}}