{"global_step": 50400, "_timestamp": 1703680727.8904624, "rollout/ep_len_mean": 15.010000228881836, "rollout/ep_rew_mean": 21.29599952697754, "time/fps": 61.0, "_runtime": 834.8110175132751, "_step": 62, "train/entropy_loss": -5.147103786468506, "train/value_loss": 204.30162048339844, "train/policy_gradient_loss": -0.04127589985728264, "train/loss": 83.03202819824219, "train/learning_rate": 9.999999747378752e-05, "train/clip_range": 0.20000000298023224, "train/explained_variance": 0.009701848030090332, "train/clip_fraction": 0.014941406436264515, "train/approx_kl": 0.005598362535238266, "_wandb": {"runtime": 839}}